{
    "tests": [
      {
        "name": "test flake",
        "setup": "sudo -H pip3 install flake8",
        "run": "flake8 *.py",
        "input": "",
        "output": "",
        "comparison": "exact",
        "timeout": 10,
        "points": 10
      },
      {
        "name": "unit tests",
        "setup": "sudo -H pip3 install pytest",
        "run": "pytest  --rootdir . --rootdir ./tests",
        "input": "",
        "output": "",
        "comparison": "exact",
        "timeout": 10,
        "points": 90
      }
      
     
    ]
  }